wl,lomandra1
179.74,0
179.95,0
180.16,0
180.37,3666.6665
180.59,-1025
180.8,1600
181.01,98.9795
181.22,28.467
181.43,57.547
181.64,119.7805
181.86,166.6665
182.07,-257.1425
182.28,240
182.49,80.9855
182.7,137.6405
182.91,19.091
183.13,-225
183.34,216.9015
183.55,101.3515
183.76,46.8085
183.97,26.888
184.18,21.7205
184.4,23.6135
184.61,25.9405
184.82,15.847
185.03,16.3665
185.24,19.4855
185.45,22.328
185.66,20.334
185.88,15.7415
186.09,20.2985
186.3,18.049
186.51,23.6205
186.72,22.0205
186.93,12.5
187.14,4.238
187.36,5.737
187.57,2.563
187.78,-1.244
187.99,4.667
188.2,3.3375
188.41,6.2135
188.62,3.2835
188.84,5.116
189.05,8.3365
189.26,7.2985
189.47,12.174
189.68,11.6965
189.89,4.5045
190.1,3.4315
190.32,-2.93
190.53,-2.272
190.74,1.7485
190.95,-1.858
191.16,10.131
191.37,5.0845
191.58,1.1685
191.79,-5.8825
192.01,-7.249
192.22,-2.0235
192.43,4.5735
192.64,3.8745
192.85,6.9725
193.06,4.873
193.27,7.338
193.48,6.245
193.7,2.6535
193.91,5.871
194.12,2.166
194.33,-0.4875
194.54,7.8735
194.75,4.232
194.96,0.408
195.17,-3.6895
195.38,-2.3885
195.6,-0.6725
195.81,0.615
196.02,0.608
196.23,2.8735
196.44,0.0795
196.65,-3.145
196.86,-5.326
197.07,-4.0405
197.28,-2.455
197.5,-1.7295
197.71,-1.071
197.92,-1.491
198.13,-2.431
198.34,-4.7915
198.55,-2.778
198.76,-0.41
198.97,4.5195
199.18,0.645
199.4,-0.9465
199.61,-3.896
199.82,-14.134
200.03,-9.2415
200.24,-4.6225
200.45,-1.851
200.66,-4.899
200.87,-5.9775
201.08,-9.6095
201.29,-9.012
201.5,-5.6195
201.72,-3.181
201.93,-7.835
202.14,-2.733
202.35,-6.467
202.56,-10.637
202.77,-9.1085
202.98,-4.837
203.19,-11.4055
203.4,-8.8675
203.61,-3.107
203.82,1.651
204.04,-8.6925
204.25,-1.057
204.46,-3.232
204.67,-7.643
204.88,-5.7525
205.09,2.1545
205.3,0.0815
205.51,-1.617
205.72,-7.194
205.93,-10.0575
206.14,-13.657
206.35,-18.4785
206.56,-24.6365
206.78,-25.683
206.99,-27.773
207.2,-33.948
207.41,-34.0345
207.62,-38.4185
207.83,-37.0575
208.04,-34.6445
208.25,-24.709
208.46,-22.1355
208.67,-23.7
208.88,-17.351
209.09,-9.759
209.3,-8.8795
209.51,-11.848
209.73,-7.105
209.94,-11.4375
210.15,-17.926
210.36,-18.811
210.57,-11.799
210.78,-18.1645
210.99,-6.729
211.2,-4.5935
211.41,-5.0675
211.62,-5.8125
211.83,-5.7655
212.04,-3.923
212.25,-11.0795
212.46,-15.48
212.67,-6.4375
212.88,-11.2435
213.09,-7.0155
213.31,-2.394
213.52,-0.0615
213.73,-8.477
213.94,-10.8465
214.15,-8.031
214.36,-7.185
214.57,-4.798
214.78,0.496
214.99,2.7965
215.2,6.6125
215.41,7.481
215.62,8.491
215.83,6.9685
216.04,8.062
216.25,7.7575
216.46,8.5265
216.67,8.433
216.88,9.195
217.09,11.78
217.3,9.652
217.51,6.6235
217.72,6.6095
217.93,8.767
218.14,8.4605
218.36,7.124
218.57,7.378
218.78,10.3605
218.99,10.1065
219.2,5.147
219.41,7.5145
219.62,2.106
219.83,-1.722
220.04,0.163
220.25,-2.3525
220.46,1.424
220.67,1.5635
220.88,3.588
221.09,3.1095
221.3,1.725
221.51,2.088
221.72,2.3725
221.93,-1.0415
222.14,-4.4335
222.35,-3.7185
222.56,-1.971
222.77,-2.429
222.98,0.4165
223.19,1.994
223.4,-1.848
223.61,-4.323
223.82,-3.85
224.03,-1.823
224.24,-0.9825
224.45,1.0515
224.66,1.3255
224.87,3.1495
225.08,2.4055
225.29,1.7095
225.5,0.2735
225.71,-0.494
225.92,0.2735
226.13,0.063
226.34,0.689
226.55,0.7215
226.76,2.149
226.97,1.5515
227.18,2.068
227.39,2.055
227.6,2.399
227.81,2.3685
228.02,2.0625
228.23,2.218
228.44,2.9405
228.65,2.254
228.86,2.837
229.07,2.112
229.28,1.931
229.49,1.52
229.7,1.2055
229.91,0.6095
230.12,0.631
230.33,0.7455
230.54,0.97
230.75,1.247
230.96,1.2605
231.17,1.829
231.38,2.008
231.59,1.5185
231.8,0.6095
232.01,1.241
232.22,1.688
232.43,1.802
232.64,1.5915
232.85,1.315
233.06,1.285
233.27,0.6185
233.48,0.159
233.69,0.5695
233.9,0.8755
234.11,1.681
234.32,1.9795
234.53,1.669
234.74,1.198
234.95,0.1105
235.16,-0.1115
235.37,-0.213
235.58,-0.645
235.79,-1.519
235.99,-2.229
236.2,-2.147
236.41,-2.4425
236.62,-2.4125
236.83,-1.9725
237.04,-3.1635
237.25,-1.365
237.46,-1.9735
237.67,-0.8975
237.88,-0.05
238.09,1.185
238.3,1.794
238.51,2.01
238.72,2.458
238.93,1.546
239.14,3.155
239.35,2.367
239.56,3.637
239.77,2.911
239.98,2.599
240.19,2.5145
240.4,3.74
240.61,2.4955
240.82,2.59
241.02,2.9055
241.23,3.1295
241.44,2.8055
241.65,3.6
241.86,6.791
242.07,8.6385
242.28,7.901
242.49,6.9565
242.7,6.5505
242.91,7.2915
243.12,7.6185
243.33,9.701
243.54,9.083
243.75,12.0595
243.96,9.1645
244.17,11.1715
244.38,11.628
244.58,13.7705
244.79,12.853
245,11.3865
245.21,11.118
245.42,10.6
245.63,10.7745
245.84,8.3355
246.05,9.7725
246.26,8.0035
246.47,5.304
246.68,5.6475
246.89,8.7835
247.1,12.1215
247.31,13.812
247.51,12.2265
247.72,11.1165
247.93,12.8045
248.14,10.8545
248.35,9.715
248.56,7.4545
248.77,5.307
248.98,4.693
249.19,1.847
249.4,2.4435
249.61,0.344
249.82,1.6185
250.02,5.0335
250.23,2.643
250.44,0.262
250.65,-4.9875
250.86,-5.0945
251.07,-4.325
251.28,-4.4015
251.49,-6.328
251.7,-4.757
251.91,-1.659
252.12,1.5345
252.32,-0.616
252.53,-1.225
252.74,-1.9325
252.95,-0.286
253.16,-1.629
253.37,-1.733
253.58,0.0335
253.79,-0.3975
254,-0.8215
254.21,0.3705
254.41,0.9625
254.62,1.7435
254.83,1.1005
255.04,1.7745
255.25,1.5175
255.46,1.6985
255.67,2.063
255.88,1.886
256.09,2.7565
256.3,2.947
256.5,2.643
256.71,2.5085
256.92,2.8485
257.13,3.001
257.34,3.2785
257.55,3.0115
257.76,3.2575
257.97,3.302
258.17,3.3955
258.38,3.4275
258.59,3.225
258.8,3.3115
259.01,3.466
259.22,3.674
259.43,3.6285
259.64,3.6735
259.84,3.6165
260.05,3.742
260.26,3.7515
260.47,3.7165
260.68,3.6865
260.89,3.721
261.1,3.8215
261.31,3.8685
261.51,3.7755
261.72,3.8455
261.93,3.867
262.14,3.898
262.35,3.8185
262.56,3.8415
262.77,3.7985
262.98,3.7285
263.18,3.7115
263.39,3.755
263.6,3.775
263.81,3.7995
264.02,3.8205
264.23,3.794
264.44,3.7395
264.64,3.7025
264.85,3.7145
265.06,3.775
265.27,3.8325
265.48,3.8025
265.69,3.8295
265.9,3.8805
266.1,4.0345
266.31,4.0195
266.52,4.043
266.73,4.034
266.94,4.013
267.15,4.0925
267.35,4.056
267.56,4.0155
267.77,4.0145
267.98,4.0705
268.19,4.0155
268.4,3.9885
268.61,3.9835
268.81,3.9875
269.02,3.9745
269.23,3.959
269.44,3.97
269.65,3.946
269.86,3.9695
270.06,3.9735
270.27,3.951
270.48,3.9255
270.69,3.9075
270.9,3.936
271.11,3.9375
271.31,3.948
271.52,3.968
271.73,3.9745
271.94,3.973
272.15,3.9735
272.36,3.9545
272.56,3.9695
272.77,3.98
272.98,4.008
273.19,4.0075
273.4,3.9855
273.6,3.9825
273.81,3.9565
274.02,3.958
274.23,3.994
274.44,3.9635
274.65,3.903
274.85,3.9305
275.06,3.942
275.27,3.9645
275.48,3.976
275.69,3.942
275.89,3.955
276.1,3.979
276.31,3.988
276.52,3.948
276.73,3.96
276.93,4.01
277.14,3.977
277.35,3.976
277.56,3.996
277.77,3.9935
277.97,3.986
278.18,4.0045
278.39,3.982
278.6,3.977
278.81,3.996
279.01,4.0215
279.22,4.0395
279.43,4.082
279.64,4.087
279.85,4.093
280.05,4.0925
280.26,4.056
280.47,4.072
280.68,4.059
280.89,4.0595
281.09,4.043
281.3,3.997
281.51,3.987
281.72,3.996
281.93,4.0305
282.13,4.029
282.34,4.024
282.55,4.015
282.76,3.999
282.96,4.0005
283.17,3.9985
283.38,4.006
283.59,3.9775
283.8,3.9695
284,3.9455
284.21,3.9385
284.42,3.9525
284.63,3.9215
284.83,3.8825
285.04,3.8975
285.25,3.899
285.46,3.863
285.67,3.8805
285.87,3.889
286.08,3.8845
286.29,3.876
286.5,3.8785
286.7,3.889
286.91,3.8965
287.12,3.923
287.33,3.9025
287.53,3.8905
287.74,3.9015
287.95,3.847
288.16,3.864
288.37,3.861
288.57,3.859
288.78,3.8625
288.99,3.833
289.2,3.807
289.4,3.825
289.61,3.802
289.82,3.8045
290.03,3.7865
290.23,3.7725
290.44,3.7515
290.65,3.7645
290.86,3.785
291.06,3.7775
291.27,3.7865
291.48,3.801
291.69,3.813
291.89,3.7845
292.1,3.785
292.31,3.779
292.52,3.781
292.72,3.7905
292.93,3.802
293.14,3.8235
293.35,3.8475
293.55,3.84
293.76,3.8485
293.97,3.8865
294.17,3.877
294.38,3.8695
294.59,3.8485
294.8,3.8495
295,3.826
295.21,3.8235
295.42,3.822
295.63,3.799
295.83,3.7915
296.04,3.7905
296.25,3.7655
296.46,3.7935
296.66,3.759
296.87,3.7525
297.08,3.764
297.28,3.7885
297.49,3.788
297.7,3.81
297.91,3.8185
298.11,3.8
298.32,3.813
298.53,3.813
298.73,3.8455
298.94,3.8485
299.15,3.818
299.36,3.798
299.56,3.825
299.77,3.793
299.98,3.797
300.18,3.82
300.39,3.824
300.6,3.8305
300.81,3.8165
301.01,3.8125
301.22,3.8215
301.43,3.7995
301.63,3.794
301.84,3.7835
302.05,3.766
302.26,3.7575
302.46,3.725
302.67,3.7115
302.88,3.7145
303.08,3.729
303.29,3.756
303.5,3.776
303.7,3.746
303.91,3.7295
304.12,3.756
304.32,3.754
304.53,3.7725
304.74,3.8
304.95,3.772
305.15,3.8205
305.36,3.8005
305.57,3.779
305.77,3.778
305.98,3.769
306.19,3.775
306.39,3.757
306.6,3.7625
306.81,3.745
307.01,3.7595
307.22,3.732
307.43,3.722
307.63,3.742
307.84,3.7515
308.05,3.7375
308.25,3.75
308.46,3.7535
308.67,3.758
308.88,3.774
309.08,3.765
309.29,3.7665
309.5,3.787
309.7,3.766
309.91,3.765
310.12,3.766
310.32,3.765
310.53,3.808
310.74,3.818
310.94,3.8105
311.15,3.819
311.36,3.7995
311.56,3.804
311.77,3.7785
311.98,3.7735
312.18,3.7725
312.39,3.7715
312.59,3.76
312.8,3.7865
313.01,3.7955
313.21,3.796
313.42,3.8095
313.63,3.7835
313.83,3.7945
314.04,3.804
314.25,3.7865
314.45,3.809
314.66,3.788
314.87,3.788
315.07,3.811
315.28,3.818
315.49,3.837
315.69,3.833
315.9,3.8275
316.11,3.851
316.31,3.8665
316.52,3.89
316.72,3.883
316.93,3.889
317.14,3.8905
317.34,3.8685
317.55,3.853
317.76,3.8785
317.96,3.8605
318.17,3.8595
318.38,3.9055
318.58,3.9125
318.79,3.923
318.99,3.9065
319.2,3.918
319.41,3.9265
319.61,3.917
319.82,3.9465
320.03,3.924
320.23,3.922
320.44,3.922
320.64,3.946
320.85,3.9615
321.06,3.99
321.26,3.9605
321.47,3.9355
321.68,3.9285
321.88,3.9065
322.09,3.884
322.29,3.8965
322.5,3.8795
322.71,3.8655
322.91,3.8575
323.12,3.8705
323.32,3.861
323.53,3.853
323.74,3.8655
323.94,3.821
324.15,3.81
324.36,3.7925
324.56,3.7575
324.77,3.7455
324.97,3.726
325.18,3.725
325.39,3.704
325.59,3.676
325.8,3.699
326,3.706
326.21,3.7025
326.42,3.6935
326.62,3.695
326.83,3.652
327.03,3.6365
327.24,3.6165
327.45,3.612
327.65,3.591
327.86,3.5935
328.06,3.627
328.27,3.596
328.47,3.584
328.68,3.568
328.89,3.5555
329.09,3.5285
329.3,3.542
329.5,3.5285
329.71,3.544
329.92,3.5305
330.12,3.524
330.33,3.5435
330.53,3.5385
330.74,3.503
330.94,3.51
331.15,3.5175
331.36,3.516
331.56,3.5335
331.77,3.5515
331.97,3.579
332.18,3.587
332.39,3.6305
332.59,3.6615
332.8,3.6805
333,3.6845
333.21,3.697
333.41,3.68
333.62,3.69
333.82,3.713
334.03,3.713
334.24,3.725
334.44,3.7105
334.65,3.696
334.85,3.737
335.06,3.7355
335.26,3.735
335.47,3.7415
335.68,3.7635
335.88,3.755
336.09,3.7575
336.29,3.772
336.5,3.767
336.7,3.783
336.91,3.777
337.11,3.8155
337.32,3.834
337.52,3.8395
337.73,3.814
337.94,3.801
338.14,3.822
338.35,3.8375
338.55,3.84
338.76,3.8565
338.96,3.857
339.17,3.8745
339.37,3.8715
339.58,3.88
339.78,3.8895
339.99,3.8655
340.2,3.8655
340.4,3.837
340.61,3.8385
340.81,3.8285
341.02,3.828
341.22,3.8095
341.43,3.815
341.63,3.8415
341.84,3.8505
342.04,3.8505
342.25,3.846
342.45,3.8415
342.66,3.8095
342.86,3.8385
343.07,3.8515
343.27,3.817
343.48,3.8165
343.69,3.789
343.89,3.776
344.1,3.7665
344.3,3.76
344.51,3.753
344.71,3.749
344.92,3.7295
345.12,3.7305
345.33,3.7505
345.53,3.728
345.74,3.7075
345.94,3.7275
346.15,3.73
346.35,3.7405
346.56,3.725
346.76,3.7275
346.97,3.7235
347.17,3.7035
347.38,3.7315
347.58,3.7515
347.79,3.7435
347.99,3.729
348.2,3.711
348.4,3.726
348.61,3.727
348.81,3.7365
349.02,3.7285
349.22,3.732
349.43,3.7155
349.63,3.7305
349.84,3.7225
350.04,3.702
350.25,3.7105
350.45,3.7155
350.66,3.6945
350.86,3.715
351.07,3.7315
351.27,3.7265
351.48,3.7205
351.68,3.713
351.89,3.7105
352.09,3.7485
352.3,3.7595
352.5,3.743
352.71,3.7325
352.91,3.7385
353.11,3.727
353.32,3.749
353.52,3.7615
353.73,3.754
353.93,3.758
354.14,3.756
354.34,3.7515
354.55,3.768
354.75,3.7565
354.96,3.7595
355.16,3.768
355.37,3.7655
355.57,3.78
355.78,3.759
355.98,3.753
356.19,3.747
356.39,3.749
356.59,3.7745
356.8,3.7535
357,3.728
357.21,3.7365
357.41,3.734
357.62,3.716
357.82,3.7075
358.03,3.7045
358.23,3.7055
358.44,3.69
358.64,3.689
358.84,3.677
359.05,3.69
359.25,3.671
359.46,3.666
359.66,3.6615
359.87,3.6695
360.07,3.6715
360.28,3.674
360.48,3.6645
360.68,3.655
360.89,3.669
361.09,3.6735
361.3,3.6645
361.5,3.668
361.71,3.6555
361.91,3.634
362.12,3.63
362.32,3.6335
362.52,3.6355
362.73,3.628
362.93,3.616
363.14,3.616
363.34,3.618
363.55,3.6085
363.75,3.611
363.95,3.606
364.16,3.619
364.36,3.615
364.57,3.6325
364.77,3.626
364.98,3.6145
365.18,3.631
365.38,3.6495
365.59,3.6335
365.79,3.6275
366,3.6385
366.2,3.6615
366.41,3.668
366.61,3.67
366.81,3.678
367.02,3.682
367.22,3.6875
367.43,3.6875
367.63,3.7105
367.83,3.714
368.04,3.7
368.24,3.687
368.45,3.6775
368.65,3.686
368.85,3.6905
369.06,3.701
369.26,3.702
369.47,3.7135
369.67,3.724
369.87,3.7125
370.08,3.7165
370.28,3.722
370.49,3.73
370.69,3.7325
370.89,3.731
371.1,3.7405
371.3,3.733
371.51,3.68
371.71,3.682
371.91,3.6785
372.12,3.685
372.32,3.693
372.53,3.6755
372.73,3.664
372.93,3.6675
373.14,3.6645
373.34,3.6645
373.54,3.6605
373.75,3.654
373.95,3.6525
374.16,3.659
374.36,3.65
374.56,3.635
374.77,3.624
374.97,3.6025
375.17,3.6115
375.38,3.598
375.58,3.593
375.79,3.584
375.99,3.5695
376.19,3.5595
376.4,3.5805
376.6,3.579
376.8,3.597
377.01,3.59
377.21,3.5945
377.42,3.604
377.62,3.6135
377.82,3.6175
378.03,3.6235
378.23,3.6375
378.43,3.6355
378.64,3.649
378.84,3.6465
379.04,3.6445
379.25,3.651
379.45,3.6465
379.65,3.6575
379.86,3.717
380.06,3.708
380.27,3.704
380.47,3.702
380.67,3.7085
380.88,3.7285
381.08,3.731
381.28,3.733
381.49,3.7455
381.69,3.74
381.89,3.74
382.1,3.744
382.3,3.7595
382.5,3.755
382.71,3.7605
382.91,3.7695
383.11,3.7785
383.32,3.793
383.52,3.779
383.72,3.796
383.93,3.8
384.13,3.817
384.33,3.8235
384.54,3.834
384.74,3.8345
384.94,3.851
385.15,3.8465
385.35,3.86
385.55,3.867
385.76,3.855
385.96,3.8585
386.16,3.856
386.37,3.8585
386.57,3.864
386.77,3.8715
386.98,3.873
387.18,3.8775
387.38,3.8845
387.58,3.8875
387.79,3.89
387.99,3.898
388.19,3.883
388.4,3.897
388.6,3.918
388.8,3.9205
389.01,3.9135
389.21,3.9175
389.41,3.928
389.62,3.93
389.82,3.944
390.02,3.9535
390.23,3.954
390.43,3.9625
390.63,3.971
390.83,3.99
391.04,4
391.24,4.0085
391.44,4.013
391.65,4.0255
391.85,4.036
392.05,4.034
392.25,4.0465
392.46,4.05
392.66,4.054
392.86,4.059
393.07,4.0635
393.27,4.0665
393.47,4.0815
393.67,4.085
393.88,4.087
394.08,4.095
394.28,4.0995
394.49,4.115
394.69,4.124
394.89,4.1345
395.09,4.148
395.3,4.152
395.5,4.166
395.7,4.178
395.91,4.192
396.11,4.207
396.31,4.217
396.51,4.229
396.72,4.2375
396.92,4.242
397.12,4.255
397.32,4.269
397.53,4.2765
397.73,4.291
397.93,4.312
398.14,4.316
398.34,4.3335
398.54,4.353
398.74,4.361
398.95,4.371
399.15,4.3795
399.35,4.396
399.55,4.407
399.76,4.422
399.96,4.4385
400.16,4.448
400.36,4.459
400.57,4.471
400.77,4.4805
400.97,4.498
401.17,4.5125
401.38,4.526
401.58,4.535
401.78,4.5465
401.98,4.5655
402.19,4.5835
402.39,4.597
402.59,4.6095
402.79,4.6095
403,4.6145
403.2,4.622
403.4,4.6335
403.6,4.643
403.8,4.6425
404.01,4.6465
404.21,4.653
404.41,4.662
404.61,4.6705
404.82,4.679
405.02,4.6865
405.22,4.6925
405.42,4.7045
405.63,4.715
405.83,4.726
406.03,4.734
406.23,4.7335
406.43,4.7375
406.64,4.744
406.84,4.7475
407.04,4.7605
407.24,4.755
407.45,4.767
407.65,4.764
407.85,4.7685
408.05,4.7775
408.25,4.7825
408.46,4.797
408.66,4.8085
408.86,4.8115
409.06,4.8165
409.26,4.8225
409.47,4.831
409.67,4.8315
409.87,4.8415
410.07,4.849
410.27,4.849
410.48,4.8465
410.68,4.8595
410.88,4.8655
411.08,4.8825
411.28,4.899
411.49,4.9025
411.69,4.903
411.89,4.9105
412.09,4.9235
412.29,4.9295
412.5,4.937
412.7,4.9405
412.9,4.945
413.1,4.9605
413.3,4.966
413.51,4.968
413.71,4.9655
413.91,4.9715
414.11,4.969
414.31,4.98
414.51,4.9825
414.72,4.9915
414.92,5.0005
415.12,5.0165
415.32,5.023
415.52,5.036
415.73,5.036
415.93,5.049
416.13,5.064
416.33,5.0695
416.53,5.0775
416.73,5.079
416.94,5.088
417.14,5.099
417.34,5.106
417.54,5.1045
417.74,5.1095
417.94,5.122
418.15,5.1265
418.35,5.123
418.55,5.128
418.75,5.1375
418.95,5.142
419.15,5.1435
419.36,5.149
419.56,5.154
419.76,5.1615
419.96,5.169
420.16,5.1735
420.36,5.1795
420.56,5.186
420.77,5.1865
420.97,5.193
421.17,5.199
421.37,5.2015
421.57,5.2035
421.77,5.209
421.97,5.2115
422.18,5.2175
422.38,5.2235
422.58,5.2235
422.78,5.231
422.98,5.2335
423.18,5.236
423.38,5.2355
423.59,5.237
423.79,5.242
423.99,5.2445
424.19,5.249
424.39,5.25
424.59,5.2525
424.79,5.2555
425,5.258
425.2,5.258
425.4,5.258
425.6,5.261
425.8,5.2705
426,5.278
426.2,5.2785
426.4,5.2785
426.61,5.286
426.81,5.29
427.01,5.291
427.21,5.2915
427.41,5.2935
427.61,5.2925
427.81,5.289
428.01,5.292
428.21,5.2925
428.42,5.2935
428.62,5.292
428.82,5.29
429.02,5.296
429.22,5.2955
429.42,5.2995
429.62,5.299
429.82,5.301
430.02,5.3055
430.22,5.31
430.43,5.3085
430.63,5.3085
430.83,5.31
431.03,5.308
431.23,5.309
431.43,5.307
431.63,5.311
431.83,5.311
432.03,5.3095
432.23,5.308
432.44,5.3045
432.64,5.303
432.84,5.3055
433.04,5.31
433.24,5.309
433.44,5.3045
433.64,5.3045
433.84,5.301
434.04,5.3
434.24,5.2935
434.44,5.2945
434.64,5.294
434.85,5.2965
435.05,5.2965
435.25,5.3015
435.45,5.305
435.65,5.31
435.85,5.3105
436.05,5.312
436.25,5.309
436.45,5.3095
436.65,5.313
436.85,5.3195
437.05,5.324
437.25,5.325
437.45,5.3275
437.65,5.323
437.86,5.326
438.06,5.3295
438.26,5.33
438.46,5.3355
438.66,5.335
438.86,5.338
439.06,5.3385
439.26,5.3375
439.46,5.339
439.66,5.347
439.86,5.3475
440.06,5.3455
440.26,5.349
440.46,5.3535
440.66,5.3575
440.86,5.3525
441.06,5.3535
441.26,5.35
441.46,5.351
441.67,5.3565
441.87,5.3605
442.07,5.3655
442.27,5.365
442.47,5.3715
442.67,5.373
442.87,5.381
443.07,5.382
443.27,5.3835
443.47,5.3805
443.67,5.381
443.87,5.384
444.07,5.3895
444.27,5.393
444.47,5.3975
444.67,5.403
444.87,5.407
445.07,5.4075
445.27,5.4105
445.47,5.4135
445.67,5.4175
445.87,5.4205
446.07,5.4225
446.27,5.4265
446.47,5.4275
446.67,5.431
446.87,5.4325
447.07,5.437
447.27,5.4435
447.47,5.4485
447.67,5.457
447.87,5.4565
448.07,5.4575
448.27,5.461
448.47,5.462
448.67,5.466
448.87,5.4715
449.07,5.4785
449.27,5.4805
449.47,5.487
449.67,5.493
449.87,5.4975
450.07,5.5045
450.27,5.508
450.47,5.5095
450.67,5.512
450.87,5.5175
451.07,5.5185
451.27,5.529
451.47,5.5325
451.67,5.537
451.87,5.54
452.07,5.542
452.27,5.5405
452.47,5.5435
452.67,5.5485
452.87,5.5535
453.07,5.554
453.27,5.56
453.47,5.563
453.67,5.568
453.87,5.5715
454.07,5.578
454.27,5.581
454.47,5.5815
454.67,5.5855
454.87,5.5815
455.07,5.589
455.27,5.5905
455.47,5.591
455.67,5.593
455.87,5.593
456.07,5.5975
456.27,5.603
456.47,5.612
456.67,5.6165
456.87,5.615
457.06,5.615
457.26,5.6155
457.46,5.617
457.66,5.616
457.86,5.6175
458.06,5.6215
458.26,5.62
458.46,5.619
458.66,5.6235
458.86,5.6235
459.06,5.6255
459.26,5.628
459.46,5.622
459.66,5.6235
459.86,5.6295
460.06,5.629
460.26,5.629
460.46,5.6325
460.66,5.635
460.85,5.6345
461.05,5.6345
461.25,5.6355
461.45,5.631
461.65,5.6315
461.85,5.633
462.05,5.632
462.25,5.631
462.45,5.6315
462.65,5.6315
462.85,5.633
463.05,5.6335
463.25,5.6355
463.45,5.6335
463.65,5.6325
463.84,5.6355
464.04,5.637
464.24,5.6325
464.44,5.632
464.64,5.6305
464.84,5.6335
465.04,5.636
465.24,5.6355
465.44,5.641
465.64,5.643
465.84,5.6475
466.04,5.6495
466.23,5.6505
466.43,5.6515
466.63,5.655
466.83,5.655
467.03,5.6545
467.23,5.654
467.43,5.6555
467.63,5.656
467.83,5.651
468.03,5.653
468.22,5.657
468.42,5.6585
468.62,5.66
468.82,5.6575
469.02,5.657
469.22,5.6525
469.42,5.6535
469.62,5.6545
469.82,5.653
470.01,5.65
470.21,5.652
470.41,5.6525
470.61,5.6565
470.81,5.662
471.01,5.6635
471.21,5.661
471.41,5.6545
471.61,5.6505
471.8,5.649
472,5.6475
472.2,5.642
472.4,5.6445
472.6,5.6405
472.8,5.639
473,5.6375
473.2,5.635
473.39,5.6315
473.59,5.628
473.79,5.626
473.99,5.6265
474.19,5.621
474.39,5.6185
474.59,5.6215
474.78,5.621
474.98,5.6245
475.18,5.622
475.38,5.625
475.58,5.62
475.78,5.6215
475.98,5.6285
476.17,5.622
476.37,5.6195
476.57,5.6215
476.77,5.622
476.97,5.6215
477.17,5.6225
477.37,5.6205
477.56,5.619
477.76,5.6225
477.96,5.624
478.16,5.6235
478.36,5.6175
478.56,5.617
478.75,5.616
478.95,5.6135
479.15,5.612
479.35,5.617
479.55,5.62
479.75,5.626
479.94,5.628
480.14,5.624
480.34,5.6305
480.54,5.636
480.74,5.645
480.94,5.65
481.13,5.656
481.33,5.6635
481.53,5.663
481.73,5.6655
481.93,5.668
482.13,5.6705
482.32,5.6685
482.52,5.6695
482.72,5.6685
482.92,5.6695
483.12,5.67
483.31,5.674
483.51,5.675
483.71,5.6735
483.91,5.675
484.11,5.6745
484.31,5.675
484.5,5.676
484.7,5.6765
484.9,5.675
485.1,5.677
485.3,5.68
485.49,5.681
485.69,5.6825
485.89,5.6835
486.09,5.6845
486.29,5.6855
486.48,5.6885
486.68,5.6875
486.88,5.6885
487.08,5.6895
487.28,5.6905
487.47,5.6915
487.67,5.695
487.87,5.695
488.07,5.697
488.26,5.6995
488.46,5.7005
488.66,5.702
488.86,5.703
489.06,5.7035
489.25,5.7025
489.45,5.7
489.65,5.706
489.85,5.7085
490.05,5.711
490.24,5.7115
490.44,5.717
490.64,5.718
490.84,5.7205
491.03,5.726
491.23,5.7265
491.43,5.7285
491.63,5.729
491.82,5.7365
492.02,5.738
492.22,5.7425
492.42,5.7475
492.61,5.7505
492.81,5.753
493.01,5.7585
493.21,5.763
493.41,5.7695
493.6,5.7745
493.8,5.7775
494,5.7805
494.2,5.7885
494.39,5.795
494.59,5.801
494.79,5.808
494.99,5.8165
495.18,5.826
495.38,5.8345
495.58,5.8405
495.78,5.847
495.97,5.857
496.17,5.8685
496.37,5.8825
496.56,5.891
496.76,5.901
496.96,5.9075
497.16,5.916
497.35,5.9235
497.55,5.94
497.75,5.9465
497.95,5.948
498.14,5.9615
498.34,5.969
498.54,5.979
498.74,5.987
498.93,5.9985
499.13,6.0005
499.33,6.014
499.52,6.0225
499.72,6.035
499.92,6.045
500.12,6.054
500.31,6.0635
500.51,6.0775
500.71,6.0925
500.9,6.1035
501.1,6.123
501.3,6.14
501.5,6.1515
501.69,6.1685
501.89,6.1915
502.09,6.211
502.28,6.2245
502.48,6.2405
502.68,6.2585
502.88,6.278
503.07,6.2915
503.27,6.3015
503.47,6.315
503.66,6.335
503.86,6.351
504.06,6.37
504.25,6.389
504.45,6.4095
504.65,6.4305
504.85,6.454
505.04,6.472
505.24,6.494
505.44,6.5195
505.63,6.5375
505.83,6.5625
506.03,6.5935
506.22,6.6125
506.42,6.6335
506.62,6.658
506.81,6.681
507.01,6.7035
507.21,6.727
507.4,6.7445
507.6,6.767
507.8,6.786
507.99,6.8095
508.19,6.8365
508.39,6.86
508.58,6.8815
508.78,6.908
508.98,6.9365
509.17,6.9625
509.37,6.988
509.57,7.0145
509.76,7.0435
509.96,7.069
510.16,7.097
510.35,7.122
510.55,7.1425
510.75,7.168
510.94,7.197
511.14,7.223
511.34,7.253
511.53,7.281
511.73,7.3105
511.93,7.3395
512.12,7.367
512.32,7.3985
512.52,7.4245
512.71,7.4525
512.91,7.4855
513.11,7.5205
513.3,7.553
513.5,7.586
513.69,7.6235
513.89,7.6625
514.09,7.6995
514.28,7.7415
514.48,7.788
514.68,7.827
514.87,7.876
515.07,7.926
515.27,7.9685
515.46,8.0145
515.66,8.062
515.85,8.107
516.05,8.1515
516.25,8.2
516.44,8.2465
516.64,8.292
516.84,8.338
517.03,8.385
517.23,8.426
517.42,8.4695
517.62,8.513
517.82,8.5445
518.01,8.5855
518.21,8.6265
518.4,8.6705
518.6,8.719
518.8,8.761
518.99,8.8015
519.19,8.8375
519.38,8.88
519.58,8.9195
519.78,8.961
519.97,9.0015
520.17,9.04
520.36,9.0835
520.56,9.1305
520.76,9.1755
520.95,9.2115
521.15,9.254
521.34,9.302
521.54,9.354
521.74,9.406
521.93,9.4565
522.13,9.508
522.32,9.5605
522.52,9.611
522.72,9.6735
522.91,9.73
523.11,9.781
523.3,9.841
523.5,9.907
523.7,9.9695
523.89,10.0285
524.09,10.088
524.28,10.147
524.48,10.208
524.67,10.2765
524.87,10.341
525.07,10.4055
525.26,10.475
525.46,10.5355
525.65,10.596
525.85,10.6555
526.04,10.707
526.24,10.7575
526.44,10.7995
526.63,10.8395
526.83,10.8765
527.02,10.907
527.22,10.9455
527.41,10.9785
527.61,11.0055
527.8,11.035
528,11.0665
528.2,11.099
528.39,11.1275
528.59,11.1495
528.78,11.1755
528.98,11.205
529.17,11.232
529.37,11.26
529.56,11.288
529.76,11.318
529.95,11.3515
530.15,11.3835
530.35,11.4155
530.54,11.4475
530.74,11.4745
530.93,11.5015
531.13,11.531
531.32,11.5595
531.52,11.5815
531.71,11.6055
531.91,11.6295
532.1,11.654
532.3,11.677
532.49,11.7025
532.69,11.726
532.88,11.7535
533.08,11.782
533.28,11.813
533.47,11.85
533.67,11.8835
533.86,11.9195
534.06,11.947
534.25,11.97
534.45,11.998
534.64,12.024
534.84,12.0465
535.03,12.075
535.23,12.095
535.42,12.1125
535.62,12.141
535.81,12.155
536.01,12.1715
536.2,12.1875
536.4,12.201
536.59,12.2195
536.79,12.235
536.98,12.2535
537.18,12.2695
537.37,12.291
537.57,12.3085
537.76,12.3245
537.96,12.342
538.15,12.3605
538.35,12.3775
538.54,12.398
538.74,12.4195
538.93,12.44
539.13,12.453
539.32,12.463
539.52,12.478
539.71,12.4825
539.91,12.4955
540.1,12.5045
540.3,12.5145
540.49,12.5245
540.69,12.5325
540.88,12.5415
541.07,12.55
541.27,12.558
541.46,12.569
541.66,12.5755
541.85,12.5825
542.05,12.5945
542.24,12.607
542.44,12.6135
542.63,12.6165
542.83,12.6245
543.02,12.629
543.22,12.633
543.41,12.6455
543.61,12.646
543.8,12.655
543.99,12.6595
544.19,12.6615
544.38,12.667
544.58,12.6685
544.77,12.6755
544.97,12.677
545.16,12.6815
545.36,12.6855
545.55,12.6915
545.75,12.698
545.94,12.7045
546.13,12.7155
546.33,12.725
546.52,12.735
546.72,12.7395
546.91,12.7435
547.11,12.7515
547.3,12.7585
547.49,12.7615
547.69,12.7795
547.88,12.7915
548.08,12.7975
548.27,12.807
548.47,12.8125
548.66,12.8255
548.86,12.841
549.05,12.85
549.24,12.8535
549.44,12.854
549.63,12.864
549.83,12.874
550.02,12.874
550.21,12.8725
550.41,12.879
550.6,12.892
550.8,12.896
550.99,12.9035
551.19,12.9065
551.38,12.9035
551.57,12.9075
551.77,12.9145
551.96,12.9135
552.16,12.917
552.35,12.9175
552.54,12.925
552.74,12.9285
552.93,12.929
553.13,12.934
553.32,12.936
553.51,12.9355
553.71,12.9405
553.9,12.9465
554.1,12.943
554.29,12.9425
554.48,12.943
554.68,12.9465
554.87,12.9385
555.07,12.9385
555.26,12.937
555.45,12.9415
555.65,12.928
555.84,12.9145
556.03,12.9095
556.23,12.9
556.42,12.8965
556.62,12.8805
556.81,12.866
557,12.86
557.2,12.855
557.39,12.8435
557.59,12.829
557.78,12.808
557.97,12.803
558.17,12.7915
558.36,12.779
558.55,12.758
558.75,12.751
558.94,12.7325
559.13,12.7285
559.33,12.719
559.52,12.7105
559.72,12.687
559.91,12.6815
560.1,12.665
560.3,12.6505
560.49,12.63
560.68,12.605
560.88,12.588
561.07,12.574
561.26,12.545
561.46,12.5275
561.65,12.4985
561.84,12.469
562.04,12.4565
562.23,12.43
562.42,12.4005
562.62,12.365
562.81,12.3465
563,12.3165
563.2,12.292
563.39,12.255
563.58,12.235
563.78,12.2065
563.97,12.1835
564.16,12.164
564.36,12.131
564.55,12.111
564.74,12.0865
564.94,12.062
565.13,12.0365
565.32,12.014
565.52,11.99
565.71,11.962
565.9,11.93
566.1,11.9085
566.29,11.8825
566.48,11.8475
566.68,11.812
566.87,11.7835
567.06,11.7505
567.26,11.714
567.45,11.6795
567.64,11.652
567.84,11.615
568.03,11.588
568.22,11.552
568.41,11.523
568.61,11.493
568.8,11.4545
568.99,11.421
569.19,11.394
569.38,11.3615
569.57,11.3325
569.77,11.304
569.96,11.261
570.15,11.222
570.34,11.191
570.54,11.158
570.73,11.1235
570.92,11.0945
571.12,11.0515
571.31,11.015
571.5,10.9715
571.69,10.937
571.89,10.8975
572.08,10.8615
572.27,10.8305
572.47,10.7905
572.66,10.7625
572.85,10.7365
573.04,10.705
573.24,10.681
573.43,10.649
573.62,10.6245
573.82,10.5955
574.01,10.561
574.2,10.5335
574.39,10.512
574.59,10.485
574.78,10.46
574.97,10.433
575.16,10.409
575.36,10.3865
575.55,10.3595
575.74,10.3365
575.93,10.312
576.13,10.289
576.32,10.258
576.51,10.2295
576.7,10.2145
576.9,10.186
577.09,10.152
577.28,10.1225
577.47,10.103
577.67,10.0775
577.86,10.0575
578.05,10.0425
578.24,10.011
578.44,9.9905
578.63,9.9535
578.82,9.9225
579.01,9.914
579.21,9.896
579.4,9.879
579.59,9.861
579.78,9.8455
579.98,9.8195
580.17,9.7965
580.36,9.7765
580.55,9.748
580.74,9.7155
580.94,9.7
581.13,9.674
581.32,9.656
581.51,9.6365
581.71,9.6265
581.9,9.615
582.09,9.5905
582.28,9.5765
582.47,9.559
582.67,9.533
582.86,9.5155
583.05,9.494
583.24,9.4715
583.43,9.452
583.63,9.437
583.82,9.417
584.01,9.392
584.2,9.3865
584.39,9.378
584.59,9.352
584.78,9.3365
584.97,9.322
585.16,9.311
585.35,9.2895
585.55,9.2725
585.74,9.2525
585.93,9.2255
586.12,9.2175
586.31,9.2125
586.51,9.206
586.7,9.196
586.89,9.1735
587.08,9.1705
587.27,9.1525
587.47,9.135
587.66,9.119
587.85,9.0985
588.04,9.0885
588.23,9.089
588.42,9.09
588.62,9.0815
588.81,9.0685
589,9.048
589.19,9.0385
589.38,9.0265
589.57,9.018
589.77,9.0055
589.96,8.9975
590.15,8.9885
590.34,8.9855
590.53,8.988
590.72,8.975
590.92,8.9765
591.11,8.973
591.3,8.969
591.49,8.9585
591.68,8.958
591.87,8.959
592.07,8.9455
592.26,8.93
592.45,8.9275
592.64,8.913
592.83,8.906
593.02,8.9
593.21,8.893
593.41,8.879
593.6,8.8665
593.79,8.866
593.98,8.8565
594.17,8.846
594.36,8.8465
594.55,8.8495
594.75,8.841
594.94,8.8305
595.13,8.8255
595.32,8.815
595.51,8.823
595.7,8.823
595.89,8.8105
596.08,8.792
596.28,8.784
596.47,8.784
596.66,8.777
596.85,8.775
597.04,8.7715
597.23,8.7675
597.42,8.755
597.61,8.7425
597.8,8.737
598,8.729
598.19,8.719
598.38,8.712
598.57,8.7105
598.76,8.7015
598.95,8.6975
599.14,8.6955
599.33,8.689
599.52,8.6795
599.72,8.668
599.91,8.666
600.1,8.6685
600.29,8.656
600.48,8.654
600.67,8.6475
600.86,8.6385
601.05,8.6335
601.24,8.6235
601.43,8.6225
601.62,8.616
601.82,8.6145
602.01,8.604
602.2,8.598
602.39,8.5795
602.58,8.5745
602.77,8.5595
602.96,8.556
603.15,8.5515
603.34,8.53
603.53,8.5315
603.72,8.5355
603.91,8.54
604.11,8.5285
604.3,8.5195
604.49,8.508
604.68,8.4995
604.87,8.4845
605.06,8.4755
605.25,8.471
605.44,8.4695
605.63,8.464
605.82,8.4515
606.01,8.444
606.2,8.43
606.39,8.417
606.58,8.405
606.77,8.387
606.96,8.369
607.15,8.354
607.35,8.343
607.54,8.336
607.73,8.324
607.92,8.311
608.11,8.3075
608.3,8.29
608.49,8.2805
608.68,8.262
608.87,8.246
609.06,8.243
609.25,8.227
609.44,8.2095
609.63,8.1945
609.82,8.1735
610.01,8.161
610.2,8.145
610.39,8.126
610.58,8.114
610.77,8.0955
610.96,8.0845
611.15,8.071
611.34,8.052
611.53,8.037
611.72,8.018
611.91,8.001
612.1,7.983
612.29,7.9765
612.48,7.969
612.67,7.96
612.86,7.948
613.05,7.9365
613.24,7.9215
613.43,7.909
613.62,7.9
613.81,7.8865
614,7.882
614.19,7.8715
614.38,7.8655
614.57,7.847
614.76,7.835
614.95,7.825
615.14,7.803
615.33,7.7915
615.52,7.7825
615.71,7.7625
615.9,7.74
616.09,7.734
616.28,7.726
616.47,7.7175
616.66,7.709
616.85,7.6935
617.04,7.678
617.23,7.674
617.42,7.6595
617.61,7.6495
617.8,7.638
617.99,7.634
618.18,7.629
618.37,7.6275
618.56,7.614
618.75,7.612
618.94,7.5965
619.13,7.583
619.32,7.57
619.51,7.5675
619.7,7.5685
619.89,7.5675
620.08,7.563
620.27,7.556
620.46,7.5485
620.65,7.547
620.84,7.536
621.03,7.5315
621.22,7.515
621.41,7.501
621.6,7.5005
621.79,7.4775
621.98,7.4805
622.16,7.4605
622.35,7.4625
622.54,7.463
622.73,7.46
622.92,7.4565
623.11,7.4415
623.3,7.433
623.49,7.4325
623.68,7.429
623.87,7.4215
624.06,7.419
624.25,7.4195
624.44,7.41
624.63,7.396
624.82,7.3995
625.01,7.3875
625.19,7.3865
625.38,7.394
625.57,7.384
625.76,7.38
625.95,7.3775
626.14,7.3605
626.33,7.3705
626.52,7.3635
626.71,7.3735
626.9,7.37
627.09,7.366
627.28,7.3635
627.46,7.356
627.65,7.3565
627.84,7.347
628.03,7.3325
628.22,7.325
628.41,7.3165
628.6,7.3085
628.79,7.3075
628.98,7.306
629.17,7.317
629.36,7.304
629.54,7.304
629.73,7.298
629.92,7.297
630.11,7.2935
630.3,7.2855
630.49,7.29
630.68,7.2935
630.87,7.2945
631.06,7.2935
631.24,7.2875
631.43,7.287
631.62,7.2825
631.81,7.2725
632,7.259
632.19,7.255
632.38,7.2645
632.57,7.265
632.76,7.266
632.94,7.263
633.13,7.248
633.32,7.2495
633.51,7.245
633.7,7.2375
633.89,7.2365
634.08,7.2125
634.26,7.199
634.45,7.189
634.64,7.1745
634.83,7.168
635.02,7.1585
635.21,7.154
635.4,7.136
635.58,7.13
635.77,7.129
635.96,7.133
636.15,7.124
636.34,7.1155
636.53,7.1085
636.72,7.1075
636.9,7.094
637.09,7.076
637.28,7.072
637.47,7.058
637.66,7.0605
637.85,7.0515
638.03,7.048
638.22,7.0295
638.41,7.0145
638.6,7.01
638.79,7.0045
638.98,6.996
639.16,6.9915
639.35,6.98
639.54,6.98
639.73,6.981
639.92,6.97
640.11,6.945
640.29,6.9225
640.48,6.913
640.67,6.8925
640.86,6.891
641.05,6.867
641.24,6.844
641.42,6.839
641.61,6.83
641.8,6.829
641.99,6.8155
642.18,6.7915
642.36,6.7835
642.55,6.7675
642.74,6.772
642.93,6.754
643.12,6.7605
643.3,6.7595
643.49,6.765
643.68,6.752
643.87,6.7425
644.06,6.727
644.24,6.718
644.43,6.705
644.62,6.6905
644.81,6.685
645,6.6725
645.18,6.6585
645.37,6.64
645.56,6.6295
645.75,6.615
645.94,6.596
646.12,6.5945
646.31,6.579
646.5,6.5685
646.69,6.5485
646.87,6.541
647.06,6.536
647.25,6.5115
647.44,6.4915
647.62,6.4835
647.81,6.4725
648,6.4635
648.19,6.4545
648.38,6.44
648.56,6.4295
648.75,6.4205
648.94,6.4215
649.13,6.411
649.31,6.392
649.5,6.3915
649.69,6.3975
649.88,6.386
650.06,6.3725
650.25,6.3625
650.44,6.332
650.63,6.3245
650.81,6.3
651,6.2885
651.19,6.2655
651.38,6.2485
651.56,6.2465
651.75,6.255
651.94,6.248
652.13,6.238
652.31,6.2245
652.5,6.228
652.69,6.227
652.88,6.2235
653.06,6.227
653.25,6.2215
653.44,6.2
653.62,6.202
653.81,6.178
654,6.1825
654.19,6.1705
654.37,6.161
654.56,6.142
654.75,6.145
654.93,6.14
655.12,6.128
655.31,6.1305
655.5,6.13
655.68,6.1225
655.87,6.104
656.06,6.1185
656.24,6.098
656.43,6.0875
656.62,6.088
656.81,6.0695
656.99,6.069
657.18,6.0575
657.37,6.0365
657.55,6.0275
657.74,6.043
657.93,6.032
658.11,6.0335
658.3,6.0275
658.49,6.0155
658.68,5.9915
658.86,5.9905
659.05,5.9915
659.24,5.969
659.42,5.958
659.61,5.945
659.8,5.948
659.98,5.9475
660.17,5.9515
660.36,5.9335
660.54,5.922
660.73,5.905
660.92,5.892
661.1,5.9025
661.29,5.8955
661.48,5.8955
661.66,5.8895
661.85,5.884
662.04,5.895
662.22,5.8895
662.41,5.878
662.6,5.875
662.78,5.875
662.97,5.86
663.16,5.855
663.34,5.857
663.53,5.8635
663.72,5.8365
663.9,5.86
664.09,5.866
664.28,5.847
664.46,5.85
664.65,5.842
664.84,5.8325
665.02,5.8435
665.21,5.845
665.4,5.825
665.58,5.8235
665.77,5.807
665.95,5.7865
666.14,5.787
666.33,5.8
666.51,5.7975
666.7,5.799
666.89,5.822
667.07,5.816
667.26,5.825
667.45,5.818
667.63,5.8055
667.82,5.7965
668,5.7975
668.19,5.798
668.38,5.7905
668.56,5.8055
668.75,5.797
668.93,5.786
669.12,5.782
669.31,5.771
669.49,5.7725
669.68,5.7675
669.87,5.756
670.05,5.754
670.24,5.76
670.42,5.7575
670.61,5.765
670.8,5.776
670.98,5.7685
671.17,5.7715
671.35,5.782
671.54,5.7695
671.73,5.763
671.91,5.789
672.1,5.8075
672.28,5.8295
672.47,5.8325
672.66,5.829
672.84,5.841
673.03,5.857
673.21,5.8705
673.4,5.885
673.58,5.8955
673.77,5.915
673.96,5.917
674.14,5.9275
674.33,5.92
674.51,5.9305
674.7,5.9515
674.88,5.9515
675.07,5.9525
675.26,5.969
675.44,5.9765
675.63,5.997
675.81,6.019
676,6.0465
676.18,6.04
676.37,6.054
676.56,6.0705
676.74,6.0815
676.93,6.0825
677.11,6.077
677.3,6.0845
677.48,6.092
677.67,6.11
677.85,6.101
678.04,6.1205
678.23,6.116
678.41,6.1035
678.6,6.1315
678.78,6.131
678.97,6.1485
679.15,6.1675
679.34,6.18
679.52,6.182
679.71,6.166
679.89,6.1675
680.08,6.1745
680.26,6.1885
680.45,6.2075
680.64,6.2035
680.82,6.232
681.01,6.2505
681.19,6.2795
681.38,6.2845
681.56,6.302
681.75,6.304
681.93,6.326
682.12,6.325
682.3,6.3225
682.49,6.3305
682.67,6.3485
682.86,6.3825
683.04,6.401
683.23,6.4065
683.41,6.4265
683.6,6.4395
683.78,6.464
683.97,6.4855
684.15,6.5035
684.34,6.523
684.52,6.5505
684.71,6.5835
684.89,6.6035
685.08,6.6365
685.26,6.661
685.45,6.7005
685.63,6.7425
685.82,6.795
686,6.8325
686.19,6.8555
686.37,6.881
686.56,6.904
686.74,6.921
686.93,6.9495
687.11,6.953
687.3,7.0005
687.48,7.0345
687.67,7.0825
687.85,7.1215
688.04,7.1495
688.22,7.189
688.41,7.201
688.59,7.2525
688.77,7.287
688.96,7.3295
689.14,7.364
689.33,7.405
689.51,7.451
689.7,7.482
689.88,7.533
690.07,7.5785
690.25,7.6415
690.44,7.678
690.62,7.7105
690.81,7.7585
690.99,7.8085
691.17,7.8515
691.36,7.905
691.54,7.9655
691.73,8.0385
691.91,8.1015
692.1,8.156
692.28,8.2215
692.47,8.309
692.65,8.3855
692.83,8.434
693.02,8.4955
693.2,8.5425
693.39,8.615
693.57,8.7095
693.76,8.792
693.94,8.897
694.12,8.9945
694.31,9.073
694.49,9.1685
694.68,9.2825
694.86,9.3825
695.05,9.4915
695.23,9.5975
695.41,9.7
695.6,9.82
695.78,9.942
695.97,10.0655
696.15,10.151
696.33,10.2685
696.52,10.377
696.7,10.4945
696.89,10.615
697.07,10.711
697.25,10.8375
697.44,10.9365
697.62,11.034
697.81,11.111
697.99,11.21
698.17,11.3275
698.36,11.439
698.54,11.528
698.73,11.6405
698.91,11.7275
699.09,11.81
699.28,11.8985
699.46,12.005
699.65,12.122
699.83,12.2095
700.01,12.299
700.2,12.3885
700.38,12.5025
700.56,12.6065
700.75,12.7455
700.93,12.8585
701.12,12.957
701.3,13.0675
701.48,13.1735
701.67,13.2705
701.85,13.394
702.03,13.5145
702.22,13.633
702.4,13.7615
702.59,13.892
702.77,14.0265
702.95,14.1975
703.14,14.3415
703.32,14.5245
703.5,14.7
703.69,14.8925
703.87,15.0765
704.05,15.2855
704.24,15.466
704.42,15.671
704.6,15.8845
704.79,16.0655
704.97,16.2735
705.15,16.4955
705.34,16.7215
705.52,16.9115
705.7,17.1075
705.89,17.2955
706.07,17.4755
706.25,17.6375
706.44,17.845
706.62,18.037
706.8,18.2465
706.99,18.4315
707.17,18.63
707.35,18.8265
707.54,18.997
707.72,19.1815
707.9,19.365
708.09,19.547
708.27,19.672
708.45,19.8185
708.64,20.018
708.82,20.1785
709,20.339
709.19,20.5235
709.37,20.692
709.55,20.855
709.74,21.0155
709.92,21.178
710.1,21.357
710.28,21.5225
710.47,21.6725
710.65,21.837
710.83,21.9855
711.02,22.165
711.2,22.3515
711.38,22.493
711.57,22.672
711.75,22.8595
711.93,23.007
712.11,23.185
712.3,23.3775
712.48,23.5485
712.66,23.708
712.85,23.862
713.03,24.045
713.21,24.2055
713.39,24.3805
713.58,24.547
713.76,24.701
713.94,24.879
714.13,25.044
714.31,25.1885
714.49,25.3665
714.67,25.495
714.86,25.655
715.04,25.808
715.22,26.001
715.4,26.1545
715.59,26.316
715.77,26.482
715.95,26.655
716.13,26.7705
716.32,26.9365
716.5,27.11
716.68,27.285
716.86,27.4405
717.05,27.6385
717.23,27.8215
717.41,27.9955
717.59,28.148
717.78,28.354
717.96,28.524
718.14,28.731
718.32,28.898
718.51,29.0745
718.69,29.2225
718.87,29.4295
719.05,29.592
719.24,29.7815
719.42,29.9185
719.6,30.0895
719.78,30.283
719.96,30.49
720.15,30.694
720.33,30.897
720.51,31.0775
720.69,31.2805
720.88,31.4735
721.06,31.7015
721.24,31.931
721.42,32.1445
721.6,32.349
721.79,32.554
721.97,32.724
722.15,32.969
722.33,33.1695
722.51,33.3875
722.7,33.5375
722.88,33.718
723.06,33.9315
723.24,34.139
723.42,34.338
723.61,34.578
723.79,34.774
723.97,34.9715
724.15,35.1525
724.33,35.342
724.52,35.491
724.7,35.6975
724.88,35.855
725.06,36.045
725.24,36.1725
725.43,36.3505
725.61,36.5105
725.79,36.6895
725.97,36.862
726.15,37.0085
726.33,37.163
726.52,37.3665
726.7,37.5225
726.88,37.706
727.06,37.8885
727.24,38.0005
727.43,38.15
727.61,38.306
727.79,38.457
727.97,38.6375
728.15,38.771
728.33,38.9335
728.51,39.092
728.7,39.2455
728.88,39.3905
729.06,39.537
729.24,39.6915
729.42,39.85
729.6,39.9665
729.79,40.102
729.97,40.1975
730.15,40.377
730.33,40.566
730.51,40.716
730.69,40.8535
730.87,40.9455
731.06,41.0635
731.24,41.173
731.42,41.265
731.6,41.369
731.78,41.5045
731.96,41.633
732.14,41.753
732.32,41.883
732.51,42.0245
732.69,42.179
732.87,42.304
733.05,42.4095
733.23,42.5365
733.41,42.647
733.59,42.792
733.77,42.933
733.96,43.0135
734.14,43.1395
734.32,43.2995
734.5,43.4065
734.68,43.561
734.86,43.668
735.04,43.7765
735.22,43.8725
735.4,43.955
735.59,44.1035
735.77,44.1975
735.95,44.3045
736.13,44.395
736.31,44.518
736.49,44.619
736.67,44.717
736.85,44.845
737.03,44.9495
737.21,45.0975
737.39,45.2345
737.58,45.325
737.76,45.388
737.94,45.4585
738.12,45.5325
738.3,45.6875
738.48,45.822
738.66,45.9375
738.84,46.0845
739.02,46.209
739.2,46.257
739.38,46.361
739.56,46.411
739.74,46.5105
739.93,46.553
740.11,46.6425
740.29,46.7335
740.47,46.8455
740.65,46.9255
740.83,47.003
741.01,47.14
741.19,47.2015
741.37,47.295
741.55,47.3665
741.73,47.388
741.91,47.4375
742.09,47.48
742.27,47.5435
742.45,47.594
742.63,47.702
742.81,47.764
742.99,47.8055
743.17,47.8795
743.35,47.9375
743.54,48.027
743.72,48.07
743.9,48.165
744.08,48.279
744.26,48.3055
744.44,48.393
744.62,48.4275
744.8,48.5215
744.98,48.5535
745.16,48.6125
745.34,48.707
745.52,48.7905
745.7,48.799
745.88,48.8155
746.06,48.8105
746.24,48.8235
746.42,48.9105
746.6,49.005
746.78,49.0305
746.96,49.1265
747.14,49.127
747.32,49.1975
747.5,49.2015
747.68,49.2085
747.86,49.24
748.04,49.253
748.22,49.339
748.4,49.3135
748.58,49.343
748.76,49.332
748.94,49.3675
749.12,49.4475
749.3,49.516
749.48,49.584
749.66,49.6275
749.84,49.645
750.02,49.6575
750.2,49.663
750.38,49.7035
750.56,49.713
750.74,49.734
750.92,49.781
751.1,49.7745
751.28,49.793
751.46,49.7775
751.64,49.772
751.82,49.786
752,49.777
752.18,49.76
752.35,49.8505
752.53,49.871
752.71,49.9265
752.89,49.9335
753.07,50
753.25,49.981
753.43,50.0895
753.61,50.1295
753.79,50.091
753.97,50.1285
754.15,50.141
754.33,50.0985
754.51,50.144
754.69,50.1615
754.87,50.219
755.05,50.2685
755.23,50.2495
755.41,50.2495
755.59,50.248
755.77,50.2495
755.94,50.2695
756.12,50.283
756.3,50.2925
756.48,50.2645
756.66,50.257
756.84,50.2415
757.02,50.231
757.2,50.2615
757.38,50.29
757.56,50.34
757.74,50.3815
757.92,50.4465
758.1,50.4555
758.27,50.435
758.45,50.4905
758.63,50.4405
758.81,50.412
758.99,50.4525
759.17,50.4185
759.35,50.4615
759.53,50.488
759.71,50.458
759.89,50.457
760.07,50.3765
760.24,50.3605
760.42,50.3695
760.6,50.391
760.78,50.344
760.96,50.3345
761.14,50.329
761.32,50.3315
761.5,50.323
761.68,50.3465
761.85,50.407
762.03,50.409
762.21,50.35
762.39,50.3505
762.57,50.329
762.75,50.3295
762.93,50.288
763.11,50.321
763.28,50.332
763.46,50.3565
763.64,50.3015
763.82,50.32
764,50.3345
764.18,50.339
764.36,50.404
764.54,50.4185
764.71,50.365
764.89,50.373
765.07,50.3715
765.25,50.338
765.43,50.306
765.61,50.2945
765.79,50.2415
765.96,50.3
766.14,50.319
766.32,50.2845
766.5,50.2935
766.68,50.247
766.86,50.2395
767.03,50.2365
767.21,50.235
767.39,50.2855
767.57,50.33
767.75,50.365
767.93,50.367
768.1,50.3985
768.28,50.389
768.46,50.394
768.64,50.374
768.82,50.4215
769,50.4045
769.17,50.365
769.35,50.351
769.53,50.3835
769.71,50.3605
769.89,50.3965
770.06,50.4635
770.24,50.5055
770.42,50.4705
770.6,50.414
770.78,50.409
770.96,50.4565
771.13,50.4225
771.31,50.3885
771.49,50.3405
771.67,50.279
771.85,50.2985
772.02,50.3745
772.2,50.321
772.38,50.228
772.56,50.236
772.74,50.3095
772.91,50.3525
773.09,50.405
773.27,50.362
773.45,50.363
773.62,50.401
773.8,50.3835
773.98,50.463
774.16,50.526
774.34,50.541
774.51,50.53
774.69,50.526
774.87,50.5
775.05,50.4325
775.22,50.4405
775.4,50.448
775.58,50.4155
775.76,50.3935
775.94,50.451
776.11,50.3835
776.29,50.44
776.47,50.423
776.65,50.321
776.82,50.3545
777,50.4265
777.18,50.432
777.36,50.4015
777.53,50.412
777.71,50.434
777.89,50.482
778.07,50.4675
778.24,50.5345
778.42,50.54
778.6,50.57
778.78,50.6345
778.95,50.5465
779.13,50.5125
779.31,50.41
779.48,50.4605
779.66,50.5275
779.84,50.5465
780.02,50.534
780.19,50.4945
780.37,50.495
780.55,50.4645
780.73,50.513
780.9,50.517
781.08,50.498
781.26,50.4495
781.43,50.3985
781.61,50.3925
781.79,50.428
781.97,50.3895
782.14,50.3085
782.32,50.2625
782.5,50.273
782.67,50.2825
782.85,50.3985
783.03,50.54
783.21,50.52
783.38,50.5975
783.56,50.5465
783.74,50.503
783.91,50.5985
784.09,50.5875
784.27,50.4755
784.44,50.4605
784.62,50.451
784.8,50.5105
784.97,50.4785
785.15,50.5035
785.33,50.467
785.51,50.3825
785.68,50.4465
785.86,50.263
786.04,50.2565
786.21,50.2945
786.39,50.2075
786.57,50.3345
786.74,50.3105
786.92,50.347
787.1,50.3285
787.27,50.3125
787.45,50.3275
787.63,50.3225
787.8,50.313
787.98,50.3015
788.16,50.2265
788.33,50.2105
788.51,50.2795
788.69,50.2485
788.86,50.2505
789.04,50.2975
789.21,50.2625
789.39,50.297
789.57,50.3595
789.74,50.3595
789.92,50.299
790.1,50.2645
790.27,50.1705
790.45,50.2095
790.63,50.1885
790.8,50.2275
790.98,50.294
791.16,50.197
791.33,50.154
791.51,50.2035
791.68,50.2245
791.86,50.3515
792.04,50.2265
792.21,50.234
792.39,50.2555
792.57,50.348
792.74,50.3835
792.92,50.3595
793.09,50.5095
793.27,50.5105
793.45,50.551
793.62,50.569
793.8,50.5215
793.97,50.516
794.15,50.454
794.33,50.4915
794.5,50.441
794.68,50.474
794.85,50.4475
795.03,50.491
795.21,50.4025
795.38,50.496
795.56,50.577
795.73,50.5525
795.91,50.532
796.09,50.477
796.26,50.4125
796.44,50.412
796.61,50.504
796.79,50.54
796.97,50.5295
797.14,50.625
797.32,50.6475
797.49,50.729
797.67,50.61
797.84,50.5855
798.02,50.569
798.2,50.522
798.37,50.598
798.55,50.6165
798.72,50.694
798.9,50.6915
799.07,50.4855
799.25,50.4795
799.42,50.428
799.6,50.342
799.78,50.323
799.95,50.305
800.13,50.3255
800.3,50.357
800.48,50.346
800.65,50.3885
800.83,50.3775
801,50.3775
801.18,50.3905
801.36,50.452
801.53,50.4715
801.71,50.562
801.88,50.521
802.06,50.4385
802.23,50.4165
802.41,50.477
802.58,50.42
802.76,50.3215
802.93,50.296
803.11,50.2965
803.28,50.2695
803.46,50.3795
803.63,50.3105
803.81,50.245
803.98,50.1725
804.16,50.2155
804.34,49.9825
804.51,50.007
804.69,50.0925
804.86,50.078
805.04,50.1865
805.21,50.277
805.39,50.35
805.56,50.364
805.74,50.353
805.91,50.298
806.09,50.3065
806.26,50.4385
806.44,50.449
806.61,50.6095
806.79,50.73
806.96,50.6715
807.14,50.7585
807.31,50.771
807.49,50.8065
807.66,50.782
807.83,50.768
808.01,50.903
808.18,50.926
808.36,50.8785
808.53,50.8255
808.71,50.7435
808.88,50.7355
809.06,50.7635
809.23,50.755
809.41,50.7765
809.58,50.77
809.76,50.881
809.93,50.9535
810.11,50.9445
810.28,51.01
810.46,51.019
810.63,50.902
810.8,51.0235
810.98,51.0695
811.15,51.0215
811.33,50.913
811.5,51.1425
811.68,51.043
811.85,50.9065
812.03,51.022
812.2,50.9195
812.38,50.933
812.55,50.833
812.72,50.8855
812.9,50.9875
813.07,50.9125
813.25,50.893
813.42,50.8125
813.6,50.831
813.77,50.8995
813.94,50.823
814.12,50.8665
814.29,50.758
814.47,50.857
814.64,50.8775
814.82,50.949
814.99,50.915
815.16,50.9795
815.34,50.9445
815.51,51.061
815.69,51.0395
815.86,51.0705
816.03,50.936
816.21,50.906
816.38,51.0685
816.56,51.1315
816.73,51.2385
816.9,51.343
817.08,51.4015
817.25,51.418
817.43,51.4335
817.6,51.506
817.77,51.566
817.95,51.569
818.12,51.4775
818.3,51.5705
818.47,51.6315
818.64,51.5985
818.82,51.692
818.99,51.607
819.17,51.641
819.34,51.5905
819.51,51.4605
819.69,51.667
819.86,51.605
820.03,51.5555
820.21,51.569
820.38,51.647
820.56,51.6645
820.73,51.6805
820.9,51.6245
821.08,51.6135
821.25,51.6015
821.42,51.624
821.6,51.628
821.77,51.6225
821.94,51.661
822.12,51.663
822.29,51.5815
822.46,51.5765
822.64,51.5525
822.81,51.55
822.99,51.5785
823.16,51.612
823.33,51.5845
823.51,51.594
823.68,51.6175
823.85,51.6015
824.03,51.5555
824.2,51.5555
824.37,51.529
824.55,51.521
824.72,51.5075
824.89,51.4985
825.07,51.4765
825.24,51.507
825.41,51.5015
825.59,51.508
825.76,51.4855
825.93,51.4935
826.1,51.53
826.28,51.496
826.45,51.492
826.62,51.507
826.8,51.4125
826.97,51.44
827.14,51.4205
827.32,51.404
827.49,51.348
827.66,51.3525
827.84,51.35
828.01,51.364
828.18,51.3355
828.35,51.3445
828.53,51.321
828.7,51.249
828.87,51.21
829.05,51.16
829.22,51.177
829.39,51.2295
829.56,51.2395
829.74,51.212
829.91,51.2125
830.08,51.15
830.26,51.155
830.43,51.2435
830.6,51.226
830.77,51.088
830.95,51.0685
831.12,51.067
831.29,51.1255
831.47,51.1455
831.64,51.102
831.81,51.151
831.98,51.1505
832.16,51.205
832.33,51.1955
832.5,51.1755
832.67,51.121
832.85,51.1985
833.02,51.128
833.19,51.1125
833.36,51.1325
833.54,51.1795
833.71,51.1515
833.88,51.1415
834.05,51.1275
834.23,51.1065
834.4,51.107
834.57,51.135
834.74,51.0615
834.92,51.0745
835.09,51.01
835.26,51.0285
835.43,50.938
835.6,50.895
835.78,50.9705
835.95,50.921
836.12,50.8335
836.29,50.7205
836.47,50.6405
836.64,50.61
836.81,50.6165
836.98,50.6485
837.15,50.69
837.33,50.751
837.5,50.713
837.67,50.719
837.84,50.7745
838.01,50.718
838.19,50.718
838.36,50.6255
838.53,50.637
838.7,50.6475
838.87,50.531
839.05,50.4735
839.22,50.417
839.39,50.27
839.56,50.1815
839.73,50.1445
839.91,50.0235
840.08,50.0385
840.25,49.9415
840.42,49.988
840.59,50.0365
840.77,50.1275
840.94,50.371
841.11,50.5545
841.28,50.705
841.45,50.8185
841.62,50.761
841.8,50.8325
841.97,50.836
842.14,50.793
842.31,50.8695
842.48,50.998
842.65,51.069
842.83,50.944
843,51.019
843.17,51.1045
843.34,51.109
843.51,51.3305
843.68,51.401
843.86,51.521
844.03,51.5015
844.2,51.446
844.37,51.2945
844.54,51.268
844.71,51.2715
844.88,51.3015
845.06,51.4355
845.23,51.375
845.4,51.3615
845.57,51.3035
845.74,51.281
845.91,51.254
846.08,51.08
846.25,51.166
846.43,51.3185
846.6,51.095
846.77,51.299
846.94,51.3415
847.11,51.175
847.28,51.1895
847.45,50.7825
847.62,50.573
847.8,50.6665
847.97,50.6525
848.14,50.223
848.31,50.0175
848.48,49.903
848.65,50.049
848.82,49.9925
848.99,50.1715
849.16,49.9235
849.33,50.0425
849.51,50.0705
849.68,50.2055
849.85,50.1295
850.02,50.1225
850.19,50.1105
850.36,50.311
850.53,49.9835
850.7,49.851
850.87,49.7515
851.04,49.8725
851.21,49.866
851.39,49.8455
851.56,49.9005
851.73,49.842
851.9,49.877
852.07,49.6935
852.24,49.6425
852.41,49.4645
852.58,49.567
852.75,49.525
852.92,49.74
853.09,49.708
853.26,49.4925
853.43,48.945
853.6,49.662
853.77,49.354
853.95,49.452
854.12,49.6935
854.29,49.661
854.46,49.9645
854.63,50.028
854.8,49.7765
854.97,49.3095
855.14,48.9405
855.31,49.027
855.48,49.149
855.65,48.9905
855.82,48.5925
855.99,48.296
856.16,48.7915
856.33,48.75
856.5,48.657
856.67,48.6915
856.84,48.785
857.01,49.088
857.18,48.9895
857.35,49.1805
857.52,49.4045
857.69,49.7475
857.86,49.611
858.03,49.281
858.2,48.8405
858.37,48.6795
858.54,48.5535
858.71,48.829
858.88,49.1135
859.05,49.2925
859.22,49.2155
859.39,49.366
859.56,49.0895
859.73,49.1535
859.9,48.831
860.07,49.2745
860.24,49.4735
860.41,50.062
860.58,49.8135
860.75,50.119
860.92,49.785
861.09,49.636
861.26,49.305
861.43,49.322
861.6,49.1825
861.77,49.4655
861.94,49.8145
862.11,50.166
862.28,49.826
862.45,49.343
862.62,49.556
862.79,49.924
862.96,49.707
863.13,49.591
863.3,49.5305
863.47,49.5565
863.64,49.403
863.81,49.39
863.98,49.111
864.15,49.1515
864.32,48.6595
864.49,48.2425
864.66,48.061
864.83,48.224
864.99,48.224
865.16,48.4495
865.33,48.301
865.5,48.202
865.67,47.809
865.84,46.953
866.01,46.897
866.18,47.4475
866.35,47.317
866.52,47.4395
866.69,47.5455
866.86,47.3035
867.03,47.2535
867.2,47.0025
867.37,47.0495
867.53,46.8365
867.7,46.808
867.87,46.946
868.04,47.407
868.21,47.852
868.38,48.01
868.55,48.4605
868.72,48.385
868.89,48.5265
869.06,48.371
869.23,48.781
869.4,49.241
869.56,49.361
869.73,49.094
869.9,49.28
870.07,49.557
870.24,49.3245
870.41,49.427
870.58,49.379
870.75,49.495
870.92,49.4285
871.08,49.5615
871.25,49.929
871.42,50.542
871.59,50.548
871.76,50.807
871.93,51.0265
872.1,51.133
872.27,51.2935
872.43,51.268
872.6,51.483
872.77,51.88
872.94,51.657
873.11,51.128
873.28,51.3695
873.45,51.746
873.62,52.009
873.78,51.9045
873.95,51.9065
874.12,52.084
874.29,52.2025
874.46,52.2115
874.63,52.13
874.8,52.436
874.96,51.949
875.13,52.089
875.3,51.9445
875.47,51.5035
875.64,51.4445
875.81,51.264
875.97,51.4785
876.14,51.615
876.31,51.51
876.48,51.146
876.65,51.7175
876.82,51.6735
876.98,51.611
877.15,51.7805
877.32,51.642
877.49,51.7625
877.66,51.5545
877.83,51.946
877.99,51.999
878.16,52.127
878.33,52.152
878.5,51.749
878.67,51.501
878.83,51.466
879,51.444
879.17,51.394
879.34,50.7325
879.51,58.7155
879.67,50.6665
879.84,43.6555
880.01,60.6955
880.18,51.056
880.35,59.0065
880.51,50.183
880.68,48.352
880.85,52.805
881.02,49.932
881.19,63.824
881.35,52.7145
881.52,59.0095
881.69,57.1215
881.86,40.2315
882.02,49.7145
882.19,51.9375
882.36,49.3205